[{
	"name": "Sugar",
	"availableBrands": ["Dangote", "GoldenPenny", "Honeywell"],
	"price": 1000
}, {
	"name": "Salt",
	"availableBrands": ["Dangote", "Mr Chef", "Honeywell"],
	"price": 400
}, {
	"name": "Cement",
	"availableBrands": ["Dangote", "Elephant", "La Farge"],
	"price": 2500
}, {
	"name": "Spaghetti",
	"availableBrands": ["Dangote", "GoldenPenny", "Honeywell", "Power Pasta"],
	"price": 3000
}, {
	"name": "Rice",
	"availableBrands": ["Mama Gold", "Stallion", "Premium Rice"],
	"price": 7000
}, {
	"name": "Semovita",
	"availableBrands": ["Dangote", "GoldenPenny", "Honeywell", "Semolina"],
	"price": 2000
}, {
	"name": "Noodles",
	"availableBrands": ["Indomie", "Dangote", "Honeywell", "GoldenPenny", "Mie-mie Noodles"],
	"price": 1000
}, {
	"name": "Something Else",
	"availableBrands": ["Brand A", "Brand B", "Brand C"],
	"price": 20000
}, {
	"name": "Test Product",
	"availableBrands": ["Brand A", "Brand B", "Brand C"],
	"price": 600
}]